제목,모델명,컬러,상태,"파손,찍힘",화면불량,기능불량,배터리,케어플러스,본문,신뢰지수,가격
아이폰 15 프로 128GB,아이폰 15 프로 128GB,블루 티타늄,,,,,,,"구성품은 사진에 보이는 것처럼 본체와 박스, 설명서, 유심핀이 포함되어 있어요

배터리성능 88%이고 초기화 했습니다.
사설 수리 없고 매번 케이스 끼고 사용했는데 테두리에
기스는 아니고 자국 같은게 있네요..

마지막 사진 보면 카메라 상단에 기스가 있는데
렌즈는 이상 없습니다. 기스 발견하고 그 뒤로는
카메라 렌즈 보호 끼고 다녔어요

제품 특성상 직거래를 원하며 선입금 시 반품불가로
택배 보내드리겠습니다.",825,"740,000원"
아이폰15 파인우븐 케이스 정품,,,,,,,,,"아이폰15 파인우븐 케이스 정품
색상 멀베리
미사용 새제품입니다

직거래는 이천시 증포동, 택배는 착불입니다",656,"25,000원"
아이폰 15 블루 256G,아이폰 15 256GB,블루,,,,,,,"아이폰 15 블루 256G

- 상태 S급

- 찍힘 ,기스 일절없음

- 사설수리 및 수리내역없음

*거래방식*

- 인천계양 직거래
- 택배이체거래
- 퀵거래시 구매자부담",698,"495,000원"
"아이폰 11프로 256 ios 15, 부품용, 파손폰",,,,,,,,,"01-0-27,9‘6-9.967 문자",511,"350,000원"
아이폰 15 블루 256G,아이폰 15 256GB,블루,,,,,,,"아이폰 15 블루 256G

- 상태 S급

- 찍힘 ,기스 일절없음

- 사설수리 및 수리내역없음

*거래방식*

- 인천계양 직거래
- 택배이체거래
- 퀵거래시 구매자부담",698,"495,000원"
아이폰 15프로 블랙 256G 무잔상 A급 배터리85% 210819,,,,,,,,,"★ 네이버카페 닉네임 클릭후 게시글 보기 누르시면 전체 제품 보실수 있습니다. ★
 ↓ 아래 ↓ "" 글작성자 검색 "" 으로도 더 다양한 제품을 보실 수 있습니다.
 1) 부천중고폰최저가
 2) 부천신중동중고폰짱

★★★★★ 상품 결제 전 재고 확인 및 채팅 한번 부탁드립니다 ★★★★★

★★★ 제품구매후 안드로이드 IOS버전 어플지원종료 인한 반품XX 환불XX 확인하시고 구매해주세요 ★★★

 아이폰6 아이폰6플러스(6+) 아이폰6S 6S플러스(6S+) 아이폰7 아이폰7플러스(7+)
 아이폰8 아이폰8플러스(8+) 아이폰SE2 아이폰SE3 "" 소량 대량 판매 "" 가능합니다!

 ▶ 문의 : 010 8ㅇ98 4334
 ▶ 문의 : 010 8ㅇ98 4334
 ▶ 문의 : 010 8ㅇ98 4334

/// 이체 시 거래가격 입니다 ( 안전거래시 VAT 별도 )

▶ 상품번호 : 210819 (문의주실 때 말씀해주시면 빠른확인 가능합니다.) 

▶ 주소 : 경기도 부천시 중동1141-3 헤리움메트로타워 상가 2층 219호 폰이팡 → 1시간 무료주차 가능
▶ 택배거래 : 로젠택배 → 4천원 / 퀵 구매자 비용 부담시 가능합니다.


기종(모델명) : 아이폰15프로
색상 : 블랙
용량 : 256GB
통신사 : 통신사3사 알뜰 모두 호환 가능
배터리성능 : 85%

 ▶ 구 성 품 추 가 구 매 시 ◀

 1) 액정필름1개 + 케이스1개 = 5천원
 2) 일반 충전기 = 5천원
 3) 25W 초고속 C타입 충전기 = 1만원

 ▶ 제품설명 ◀ 

 무잔상 액정약기스
 테두리 A급 깔끔
 전면 후면 동영상 카메라 정상작동
 에어드랍 지문 모두 정상작동
 기능 터치정상
 선택약정 25%가능

 분실/도난 아니며 모든 사진은 100% 실사진 입니다.

 ▶ 필독 ◀

 페이 결제 시 도착 후 구매확정 까지 보증기간 // 이후 유상수리 최대한 싸게
 이체 거래 시 도착 후 7일 보증기간 // 기기 사무실입고 후 환불
 단순변심 및 소모성부품 문제로 환불X
 퀵 주문 시 기기 불량일 경우 택배비 착불+선불로 가능합니다.
 사용하시던 중고폰구매 / 파손폰구매 / 고장난폰구매 가능합니다.
 상품등록 하지 않은 다른 깨끗한 기계들도 많이 있으니 문의 주세요!!",841,"810,000원"
아이폰15프로맥스256 앞뒤완전무기스 배터리79%,,,,,,,,,"직거래 위치 경기도 부천시 고강동368-20 (홍천화로참숯구이 앞)

배터리79% 사이클504
256GB
ios 26.4.2

기기만 드립니다(충전기 없음, 박스 없음)

앞유리: 실기스도 없습니다. 휴지로 아무리 닦아서 찾아도 실기스 조차 없습니다

뒷유리: 앞유리와 동일합니다.

테두리: 아랫부분 중앙, 왼쪽윗부분 약한 흠집있습니다

후면 카메라 섬: 눈에띄는 기스를 찾으려고 해도 보이질 않습니다.

모든 기능정상 작동합니다(고장난곳 없습니다)

디스플레이 완벽히 정상입니다(번인이나 얼룩없습니다.)

카메라 완벽히 정상입니다(멍이나 초점불량 없습니다)

사설수리 없고, 공식수리도 없습니다

새벽에 자고 오후에 일어납니다.(오전중에는 대부분 잠을 잠)
자는 시간 이외 칼답 드립니다.새벽연락 상관없음

직거래는 오시는 그날 가능합니다.
(주말에 된다 내일된다 시간 끌지 않음)
새벽거래 상관없음

동영상이 20초이하만 된다고 해서 빨리감기한겁니다
눈속임할려고 빨리감기 장난질 한게 아닙니다.
조금이라도 더 상태 자세히 보여드리기위해 동영상까지 올린거지,
사실 동영상 올리는 판매자 없습니다
동영상은 커녕 사진도 제대로 올리지 않는 판매자가 99%입니다.

저는 글도 확실하고 꼼꼼하게 사진도 초점맞춰서 동영상까지 열심히 올린겁니다.",652,"910,000원"
아이폰 15 프로 신지모루 보호필름 풀박스 및 케이스,,,,,,,,,"케이스 상태 좋아요
직거래 원해요",804,"5,000원"
아이폰 15프로 128기가,아이폰 15 프로 128GB,화이트,,,,,,,"아이폰 15프로 128기가

배터리 성능 86%
테두리 잔기스 살짝있음 이외에는 깨끗함
화면에 좌측 끝 미세한 기스 있음

새 폰같은 상태 원하시는분은 패스해주세요.
구매 후 단순 변심으로 인한 환불은 불가하니 신중하게 선택해주세요.
현장에서 네고불가.",488,"730,000원"
아이폰 15 프로 케이스 티파이,,,,,,,,,"사용감 있는데 큰 하자는 없어요
직거래 원해요",804,"10,000원"
아이폰 15 PLUS 카드 폰케이스,,,,,,,,,"아이폰 15 PLUS 카드 폰케이스
상태 새상품 
판매가 3,000원",,"3,000원"
아이폰 15프로 교환,아이폰 15 프로 128GB,화이트 티타늄,,,,,,,"화이트티타늄 128GB 
배터리성능 86%

사설 수리 및 공식 수리X
기능상 문제X

카메라 때문에 프로 쓰다가 이제 잘 안 쓰게 돼
교환합니다

액정 및 테두리 잔기스 및 찍힘 기스 있음

액정 잔기스 사용중일때 티 안 남

자세한 사진은 채팅으로 요청주세요

16 시리즈부터 교환 원해요

추금 
16 ~5max
16플러스 이상 기기 ~10max 

거리 따져서 추금 협의해요

지역 - 경기 남부",516,"123,456원"
아이폰15 쿠로미 케이스,,,,,,,,,"아이폰15 쿠로미 케이스
해외 싱가포르가서 쿠로미넣고 만들었어요
상태 좋아요
정가 25,000원
판매가 15,000원",503,"15,000원"
[미사용] 아이브리싱 아이폰 15 프로 몬스터 맥세이프 투명 케이스,,,,,,,,,"상품명 : 아이브리싱 아이폰 15 프로 몬스터 맥세이프 투명 케이스

제품설명 : 수많은 후기로 검증된 강력한 자력의 맥세이프 기능 / 특수 가공 네오디뮴 자석 (기존 맥세이프 자력 x 2배) / 아크릴+TPU+N52자석+니켈 / 엣지 인에어 쿠션으로 충격에도 강함 / 카메라와 전면 화면 주변의 단차 설계 / 보조배터리, 그립톡, 셀카봉, 카드지갑 등과 완벽한 조화 / 첨부이미지참조

구입가격 : 16,800원

제품상태 : 미사용

거래방식 : 택배(착불or선불) or 직거래(도봉보건소 사거리 근처)

**개인소장품 정리중 입니다. 대부분 단일물품 이라서 재고,추가판매 문의는 받지 못합니다. 중고거래 특성상 속이고 가품을 판매한게 아니면, 반품-환불은 어렵습니다. 첨부사진, 제품설명을 꼼꼼하게 봐주세요. 첨부이미지는 모니터 환경 따라서 차이가 있을수 있고, 사이즈도 상품특성,측정방식에 따라서 차이가 있을수 있습니다. 개인 소장품이니, 예민하신 분들은 전문 쇼핑몰 상품을 구입해 주세요. 택배거래시 제주도,산간지방,무게,부피에 따라서 추가요금이 발생할수 있습니다.**",675,"5,000원"
아이폰박스 아이폰11 ~ 아이폰15 빈박스 다량보유,,,,,,,,,"기기 등 구성품없는 빈박스입니다.

인테리어용이나 수집목적 대량구매시 가격협의 가능합니다 

아이폰11부터 아이폰15까지 기종,색상,기가별 보유중 

케이블,이어팟,어댑터 없습니다 
뒤쪽에 사진처럼 유심탈착핀,스티커,설명서,보증서
요정도 들었다고 보심됍니다 

가격은 기종,색상,기가 특정해서 개별구매시 ,최저 6000 부터 시작",686,"6,000원"
(새상품)아이폰15프로 512 내추럴티타늄 리퍼 후 미사용 팝니다,아이폰 15 프로 512GB,내추럴 티타늄,,,,,,,"명동 애플스토어에서 새상품 수령후 
전원도 안켜본 새상품입니다

부분 수리가 아닌 망가진 폰 반납 후
새상품 수령 받았습니다

새상품이라 기스 하나도 없고
배터리 성능도100입니다

폰 단품입니다
직거래시 110만원에 드릴게요

네고 문의는 죄송합니다
직거래는 청량리역입니다",693,"1,110,000원"
아이폰 15 프로 파인우븐 케이스/ 멀베리,,,,,,,,,"아이폰 15 프로 파인우븐 맥세이프 케이스 판매합니다.

멀베리 색상 입니다.

15pro 계속 쓰려고 쟁겨 뒀는데 핸드폰 바꿔서 판매합니다.

미사용 새제품입니다.",762,"35,000원"
아이폰15프로맥스 1테라 화이트 티타늄 자급제 풀박 팝니다,아이폰 15 프로 맥스 1TB,화이트 티타늄,,,,,,,"이번년도04월09일날 활성화 하였습니다 
사자마자 강화유리랑 카메라 필름붙히고 케이스 꼇어요

여분의강화유리 필름 3장드립니다
배터리성능 100입니다 사이클11
실사용 10일 입니다!!
풀박이구 충전기도 개봉조차 안했어요
그냥 새거입니다
자급제에요!! 유심꼽고 바로 사용 가능합니다!!
마지막 가격내림",803,"1,610,000원"
아이폰15 256G 블랙 S급!,아이폰 15 256GB,블랙,,,,,,,"아이폰15 입니다

256G 블랙색상이구여

외관 잔기스 있고

그외에는 큰 찍힘없는 S급입니다

액정 잔기스 있고 잔상없습니다

배터리는 성능83%나오구여

카메라,페이스아이디,트루톤, 무선충전 등등 

모든기능 정상작동 합니다

유심넣으면 바로 사용가능하구여 정상해지며

선택약정 가능합니다

(영상첨부합니다 확인부탁드립니다)",786,"625,000원"
아이폰 15프로 블랙티타늄 자급제 판매합니다,아이폰 15 프로 128GB,블랙 티타늄,,,,,,,"자급제여서 선약 등 전부 다 됩니다
배터리 성능 89%입니다
아이폰 15프로 128gb 블랙티타늄

네고 안 받습니다..

사설수리 이력 없고 기능적으로 이상 전혀 없고 
사진 보시다싶이 깔끔해요 항상 케이스 필름 사용해서 필름도 새거로 장착해놨어요

사진에 나와있는 지디 콜라보 한정판 케이스티파이 케이스, 투명 케이스 드립니다

직거래 저희집 앞으로 오셔야해요
택배거래시 +4000",,"810,000원"
